{"cameraMode":{"drawMode":0,"name":"Shaded","section":"Shading Mode"},"sceneLighting":false,"audioPlay":false,"sceneViewState":{"showFog":true,"showMaterialUpdate":false,"showSkybox":true,"showFlares":true,"showImageEffects":true,"showParticleSystems":true},"in2DMode":false,"pivot":{"x":12.700183868408204,"y":-9.28223705291748,"z":37.90858459472656},"rotation":{"x":0.19247160851955415,"y":-0.41992896795272829,"z":0.09162105619907379,"w":0.8821678161621094},"size":197.0681610107422,"orthographic":false}