{"cameraMode":{"drawMode":0,"name":"Shaded","section":"Shading Mode"},"sceneLighting":false,"audioPlay":false,"sceneViewState":{"showFog":true,"showMaterialUpdate":false,"showSkybox":true,"showFlares":true,"showImageEffects":true,"showParticleSystems":true},"in2DMode":false,"pivot":{"x":2.3365559577941896,"y":0.3991990089416504,"z":-4.379895210266113},"rotation":{"x":0.0719464123249054,"y":0.9220017194747925,"z":-0.208418071269989,"w":0.31827428936958315},"size":23.1005916595459,"orthographic":false}